Date,Total crawl requests,Total download size (Bytes),Average response time (ms)
2026-04-04,36,3780718,106
2026-04-05,5,37574,45
2026-04-06,1,7515,0
2026-04-07,2,12131,0
2026-04-08,1,7514,127
2026-04-09,0,0,0
2026-04-10,0,0,0
2026-04-11,0,0,0
2026-04-12,0,0,0
2026-04-13,32,162931,121
2026-04-14,10,91772,118
2026-04-15,2,23928,134
2026-04-16,2,23933,14
2026-04-17,0,0,0
2026-04-18,1,11967,30
2026-04-19,1,11990,63
2026-04-20,2,23934,31
2026-04-21,1,11967,0
2026-04-22,0,0,0
2026-04-23,1,11985,0
2026-04-24,0,0,0
2026-04-25,0,0,0
2026-04-26,13,98620,110
2026-04-27,6,42088,91
2026-04-28,6,46839,142
2026-04-29,2,15814,179
2026-04-30,8,69092,68
2026-05-01,0,0,0
2026-05-02,0,0,0
2026-05-03,5,40993,204
2026-05-04,0,0,0
2026-05-05,0,0,0
2026-05-06,4,21019,82
2026-05-07,2,16484,46
2026-05-08,2,25026,44
2026-05-09,0,0,0
2026-05-10,0,0,0
2026-05-11,0,0,0
2026-05-12,0,0,0
2026-05-13,0,0,0
2026-05-14,0,0,0
2026-05-15,0,0,0
2026-05-16,0,0,0
2026-05-17,15,120124,84
2026-05-18,1,12508,28
2026-05-19,2,25002,238
2026-05-20,1,12504,34
2026-05-21,0,0,0
2026-05-22,0,0,0
2026-05-23,0,0,0
2026-05-24,0,0,0
2026-05-25,0,0,0
2026-05-26,1,12475,0
2026-05-27,0,0,0
2026-05-28,4,30486,113
2026-05-29,2,14016,196
2026-05-30,3,27953,98
2026-05-31,12,77375,198
2026-06-01,2,16446,46
2026-06-02,10,75457,51
2026-06-03,0,0,0
2026-06-04,0,0,0
2026-06-05,8,70911,106
2026-06-06,0,0,0
2026-06-07,0,0,0
2026-06-08,2,15478,105
2026-06-09,1,12480,28
2026-06-10,1,12502,0
2026-06-11,1,12480,35
2026-06-12,4,33682,104
2026-06-13,6,35009,88
2026-06-14,0,0,0
2026-06-15,2,15479,47
2026-06-16,9,74893,40